REF_DATE,GEO,DGUID,Labour force characteristics,Sex,Age group,Statistics,Data type,UOM,SCALAR_FACTOR,VECTOR,VALUE
2000-01,British Columbia,2016A000259,Labour force,Both sexes,15 years and over,Estimate,Unadjusted,Persons,thousands,v2066779,2038.7
2000-02,British Columbia,2016A000259,Labour force,Both sexes,15 years and over,Estimate,Unadjusted,Persons,thousands,v2066779,2062.8
2000-03,British Columbia,2016A000259,Labour force,Both sexes,15 years and over,Estimate,Unadjusted,Persons,thousands,v2066779,2055.5
2000-04,British Columbia,2016A000259,Labour force,Both sexes,15 years and over,Estimate,Unadjusted,Persons,thousands,v2066779,2046
2000-05,British Columbia,2016A000259,Labour force,Both sexes,15 years and over,Estimate,Unadjusted,Persons,thousands,v2066779,2082.5
2000-06,British Columbia,2016A000259,Labour force,Both sexes,15 years and over,Estimate,Unadjusted,Persons,thousands,v2066779,2104.7
2000-07,British Columbia,2016A000259,Labour force,Both sexes,15 years and over,Estimate,Unadjusted,Persons,thousands,v2066779,2098.4
2000-08,British Columbia,2016A000259,Labour force,Both sexes,15 years and over,Estimate,Unadjusted,Persons,thousands,v2066779,2135.3
2000-09,British Columbia,2016A000259,Labour force,Both sexes,15 years and over,Estimate,Unadjusted,Persons,thousands,v2066779,2096.6
2000-10,British Columbia,2016A000259,Labour force,Both sexes,15 years and over,Estimate,Unadjusted,Persons,thousands,v2066779,2094.5
2000-11,British Columbia,2016A000259,Labour force,Both sexes,15 years and over,Estimate,Unadjusted,Persons,thousands,v2066779,2073.1
2000-12,British Columbia,2016A000259,Labour force,Both sexes,15 years and over,Estimate,Unadjusted,Persons,thousands,v2066779,2071.8
2001-01,British Columbia,2016A000259,Labour force,Both sexes,15 years and over,Estimate,Unadjusted,Persons,thousands,v2066779,2041.7
2001-02,British Columbia,2016A000259,Labour force,Both sexes,15 years and over,Estimate,Unadjusted,Persons,thousands,v2066779,2063.7
2001-03,British Columbia,2016A000259,Labour force,Both sexes,15 years and over,Estimate,Unadjusted,Persons,thousands,v2066779,2069.3
2001-04,British Columbia,2016A000259,Labour force,Both sexes,15 years and over,Estimate,Unadjusted,Persons,thousands,v2066779,2066.7
2001-05,British Columbia,2016A000259,Labour force,Both sexes,15 years and over,Estimate,Unadjusted,Persons,thousands,v2066779,2104.5
2001-06,British Columbia,2016A000259,Labour force,Both sexes,15 years and over,Estimate,Unadjusted,Persons,thousands,v2066779,2108
2001-07,British Columbia,2016A000259,Labour force,Both sexes,15 years and over,Estimate,Unadjusted,Persons,thousands,v2066779,2117.5
2001-08,British Columbia,2016A000259,Labour force,Both sexes,15 years and over,Estimate,Unadjusted,Persons,thousands,v2066779,2121.3
2001-09,British Columbia,2016A000259,Labour force,Both sexes,15 years and over,Estimate,Unadjusted,Persons,thousands,v2066779,2076.3
2001-10,British Columbia,2016A000259,Labour force,Both sexes,15 years and over,Estimate,Unadjusted,Persons,thousands,v2066779,2065.9
2001-11,British Columbia,2016A000259,Labour force,Both sexes,15 years and over,Estimate,Unadjusted,Persons,thousands,v2066779,2068.6
2001-12,British Columbia,2016A000259,Labour force,Both sexes,15 years and over,Estimate,Unadjusted,Persons,thousands,v2066779,2075.8
2002-01,British Columbia,2016A000259,Labour force,Both sexes,15 years and over,Estimate,Unadjusted,Persons,thousands,v2066779,2083.7
2002-02,British Columbia,2016A000259,Labour force,Both sexes,15 years and over,Estimate,Unadjusted,Persons,thousands,v2066779,2079.4
2002-03,British Columbia,2016A000259,Labour force,Both sexes,15 years and over,Estimate,Unadjusted,Persons,thousands,v2066779,2095.3
2002-04,British Columbia,2016A000259,Labour force,Both sexes,15 years and over,Estimate,Unadjusted,Persons,thousands,v2066779,2104
2002-05,British Columbia,2016A000259,Labour force,Both sexes,15 years and over,Estimate,Unadjusted,Persons,thousands,v2066779,2137
2002-06,British Columbia,2016A000259,Labour force,Both sexes,15 years and over,Estimate,Unadjusted,Persons,thousands,v2066779,2166
2002-07,British Columbia,2016A000259,Labour force,Both sexes,15 years and over,Estimate,Unadjusted,Persons,thousands,v2066779,2177.1
2002-08,British Columbia,2016A000259,Labour force,Both sexes,15 years and over,Estimate,Unadjusted,Persons,thousands,v2066779,2187.6
2002-09,British Columbia,2016A000259,Labour force,Both sexes,15 years and over,Estimate,Unadjusted,Persons,thousands,v2066779,2160.4
2002-10,British Columbia,2016A000259,Labour force,Both sexes,15 years and over,Estimate,Unadjusted,Persons,thousands,v2066779,2144.6
2002-11,British Columbia,2016A000259,Labour force,Both sexes,15 years and over,Estimate,Unadjusted,Persons,thousands,v2066779,2147.4
2002-12,British Columbia,2016A000259,Labour force,Both sexes,15 years and over,Estimate,Unadjusted,Persons,thousands,v2066779,2131.4
2003-01,British Columbia,2016A000259,Labour force,Both sexes,15 years and over,Estimate,Unadjusted,Persons,thousands,v2066779,2113.9
2003-02,British Columbia,2016A000259,Labour force,Both sexes,15 years and over,Estimate,Unadjusted,Persons,thousands,v2066779,2133.5
2003-03,British Columbia,2016A000259,Labour force,Both sexes,15 years and over,Estimate,Unadjusted,Persons,thousands,v2066779,2145
2003-04,British Columbia,2016A000259,Labour force,Both sexes,15 years and over,Estimate,Unadjusted,Persons,thousands,v2066779,2146.1
2003-05,British Columbia,2016A000259,Labour force,Both sexes,15 years and over,Estimate,Unadjusted,Persons,thousands,v2066779,2173.5
2003-06,British Columbia,2016A000259,Labour force,Both sexes,15 years and over,Estimate,Unadjusted,Persons,thousands,v2066779,2184
2003-07,British Columbia,2016A000259,Labour force,Both sexes,15 years and over,Estimate,Unadjusted,Persons,thousands,v2066779,2222
2003-08,British Columbia,2016A000259,Labour force,Both sexes,15 years and over,Estimate,Unadjusted,Persons,thousands,v2066779,2224.7
2003-09,British Columbia,2016A000259,Labour force,Both sexes,15 years and over,Estimate,Unadjusted,Persons,thousands,v2066779,2190.9
2003-10,British Columbia,2016A000259,Labour force,Both sexes,15 years and over,Estimate,Unadjusted,Persons,thousands,v2066779,2189.7
2003-11,British Columbia,2016A000259,Labour force,Both sexes,15 years and over,Estimate,Unadjusted,Persons,thousands,v2066779,2169.5
2003-12,British Columbia,2016A000259,Labour force,Both sexes,15 years and over,Estimate,Unadjusted,Persons,thousands,v2066779,2166.5
2004-01,British Columbia,2016A000259,Labour force,Both sexes,15 years and over,Estimate,Unadjusted,Persons,thousands,v2066779,2159.5
2004-02,British Columbia,2016A000259,Labour force,Both sexes,15 years and over,Estimate,Unadjusted,Persons,thousands,v2066779,2146.8
2004-03,British Columbia,2016A000259,Labour force,Both sexes,15 years and over,Estimate,Unadjusted,Persons,thousands,v2066779,2152
2004-04,British Columbia,2016A000259,Labour force,Both sexes,15 years and over,Estimate,Unadjusted,Persons,thousands,v2066779,2144.9
2004-05,British Columbia,2016A000259,Labour force,Both sexes,15 years and over,Estimate,Unadjusted,Persons,thousands,v2066779,2189.8
2004-06,British Columbia,2016A000259,Labour force,Both sexes,15 years and over,Estimate,Unadjusted,Persons,thousands,v2066779,2228.6
2004-07,British Columbia,2016A000259,Labour force,Both sexes,15 years and over,Estimate,Unadjusted,Persons,thousands,v2066779,2230.8
2004-08,British Columbia,2016A000259,Labour force,Both sexes,15 years and over,Estimate,Unadjusted,Persons,thousands,v2066779,2244.1
2004-09,British Columbia,2016A000259,Labour force,Both sexes,15 years and over,Estimate,Unadjusted,Persons,thousands,v2066779,2186.4
2004-10,British Columbia,2016A000259,Labour force,Both sexes,15 years and over,Estimate,Unadjusted,Persons,thousands,v2066779,2196.3
2004-11,British Columbia,2016A000259,Labour force,Both sexes,15 years and over,Estimate,Unadjusted,Persons,thousands,v2066779,2172.3
2004-12,British Columbia,2016A000259,Labour force,Both sexes,15 years and over,Estimate,Unadjusted,Persons,thousands,v2066779,2178.9
2005-01,British Columbia,2016A000259,Labour force,Both sexes,15 years and over,Estimate,Unadjusted,Persons,thousands,v2066779,2174.1
2005-02,British Columbia,2016A000259,Labour force,Both sexes,15 years and over,Estimate,Unadjusted,Persons,thousands,v2066779,2198.6
2005-03,British Columbia,2016A000259,Labour force,Both sexes,15 years and over,Estimate,Unadjusted,Persons,thousands,v2066779,2185.9
2005-04,British Columbia,2016A000259,Labour force,Both sexes,15 years and over,Estimate,Unadjusted,Persons,thousands,v2066779,2188.2
2005-05,British Columbia,2016A000259,Labour force,Both sexes,15 years and over,Estimate,Unadjusted,Persons,thousands,v2066779,2230.6
2005-06,British Columbia,2016A000259,Labour force,Both sexes,15 years and over,Estimate,Unadjusted,Persons,thousands,v2066779,2238.8
2005-07,British Columbia,2016A000259,Labour force,Both sexes,15 years and over,Estimate,Unadjusted,Persons,thousands,v2066779,2262.3
2005-08,British Columbia,2016A000259,Labour force,Both sexes,15 years and over,Estimate,Unadjusted,Persons,thousands,v2066779,2271.3
2005-09,British Columbia,2016A000259,Labour force,Both sexes,15 years and over,Estimate,Unadjusted,Persons,thousands,v2066779,2216.4
2005-10,British Columbia,2016A000259,Labour force,Both sexes,15 years and over,Estimate,Unadjusted,Persons,thousands,v2066779,2222.9
2005-11,British Columbia,2016A000259,Labour force,Both sexes,15 years and over,Estimate,Unadjusted,Persons,thousands,v2066779,2225.8
2005-12,British Columbia,2016A000259,Labour force,Both sexes,15 years and over,Estimate,Unadjusted,Persons,thousands,v2066779,2221.7
2006-01,British Columbia,2016A000259,Labour force,Both sexes,15 years and over,Estimate,Unadjusted,Persons,thousands,v2066779,2199.3
2006-02,British Columbia,2016A000259,Labour force,Both sexes,15 years and over,Estimate,Unadjusted,Persons,thousands,v2066779,2207.4
2006-03,British Columbia,2016A000259,Labour force,Both sexes,15 years and over,Estimate,Unadjusted,Persons,thousands,v2066779,2215.6
2006-04,British Columbia,2016A000259,Labour force,Both sexes,15 years and over,Estimate,Unadjusted,Persons,thousands,v2066779,2220.8
2006-05,British Columbia,2016A000259,Labour force,Both sexes,15 years and over,Estimate,Unadjusted,Persons,thousands,v2066779,2256.6
2006-06,British Columbia,2016A000259,Labour force,Both sexes,15 years and over,Estimate,Unadjusted,Persons,thousands,v2066779,2256.6
2006-07,British Columbia,2016A000259,Labour force,Both sexes,15 years and over,Estimate,Unadjusted,Persons,thousands,v2066779,2291.2
2006-08,British Columbia,2016A000259,Labour force,Both sexes,15 years and over,Estimate,Unadjusted,Persons,thousands,v2066779,2291.5
2006-09,British Columbia,2016A000259,Labour force,Both sexes,15 years and over,Estimate,Unadjusted,Persons,thousands,v2066779,2252.7
2006-10,British Columbia,2016A000259,Labour force,Both sexes,15 years and over,Estimate,Unadjusted,Persons,thousands,v2066779,2263.6
2006-11,British Columbia,2016A000259,Labour force,Both sexes,15 years and over,Estimate,Unadjusted,Persons,thousands,v2066779,2254.9
2006-12,British Columbia,2016A000259,Labour force,Both sexes,15 years and over,Estimate,Unadjusted,Persons,thousands,v2066779,2266.8
2007-01,British Columbia,2016A000259,Labour force,Both sexes,15 years and over,Estimate,Unadjusted,Persons,thousands,v2066779,2264.8
2007-02,British Columbia,2016A000259,Labour force,Both sexes,15 years and over,Estimate,Unadjusted,Persons,thousands,v2066779,2261.6
2007-03,British Columbia,2016A000259,Labour force,Both sexes,15 years and over,Estimate,Unadjusted,Persons,thousands,v2066779,2275.1
2007-04,British Columbia,2016A000259,Labour force,Both sexes,15 years and over,Estimate,Unadjusted,Persons,thousands,v2066779,2273.2
2007-05,British Columbia,2016A000259,Labour force,Both sexes,15 years and over,Estimate,Unadjusted,Persons,thousands,v2066779,2316.7
2007-06,British Columbia,2016A000259,Labour force,Both sexes,15 years and over,Estimate,Unadjusted,Persons,thousands,v2066779,2329.4
2007-07,British Columbia,2016A000259,Labour force,Both sexes,15 years and over,Estimate,Unadjusted,Persons,thousands,v2066779,2330.4
2007-08,British Columbia,2016A000259,Labour force,Both sexes,15 years and over,Estimate,Unadjusted,Persons,thousands,v2066779,2338
2007-09,British Columbia,2016A000259,Labour force,Both sexes,15 years and over,Estimate,Unadjusted,Persons,thousands,v2066779,2306.4
2007-10,British Columbia,2016A000259,Labour force,Both sexes,15 years and over,Estimate,Unadjusted,Persons,thousands,v2066779,2317.4
2007-11,British Columbia,2016A000259,Labour force,Both sexes,15 years and over,Estimate,Unadjusted,Persons,thousands,v2066779,2324.3
2007-12,British Columbia,2016A000259,Labour force,Both sexes,15 years and over,Estimate,Unadjusted,Persons,thousands,v2066779,2312.5
2008-01,British Columbia,2016A000259,Labour force,Both sexes,15 years and over,Estimate,Unadjusted,Persons,thousands,v2066779,2309.4
2008-02,British Columbia,2016A000259,Labour force,Both sexes,15 years and over,Estimate,Unadjusted,Persons,thousands,v2066779,2307.9
2008-03,British Columbia,2016A000259,Labour force,Both sexes,15 years and over,Estimate,Unadjusted,Persons,thousands,v2066779,2331.9
2008-04,British Columbia,2016A000259,Labour force,Both sexes,15 years and over,Estimate,Unadjusted,Persons,thousands,v2066779,2331.9
2008-05,British Columbia,2016A000259,Labour force,Both sexes,15 years and over,Estimate,Unadjusted,Persons,thousands,v2066779,2360.5
2008-06,British Columbia,2016A000259,Labour force,Both sexes,15 years and over,Estimate,Unadjusted,Persons,thousands,v2066779,2377.4
2008-07,British Columbia,2016A000259,Labour force,Both sexes,15 years and over,Estimate,Unadjusted,Persons,thousands,v2066779,2393.1
2008-08,British Columbia,2016A000259,Labour force,Both sexes,15 years and over,Estimate,Unadjusted,Persons,thousands,v2066779,2387.1
2008-09,British Columbia,2016A000259,Labour force,Both sexes,15 years and over,Estimate,Unadjusted,Persons,thousands,v2066779,2351.4
2008-10,British Columbia,2016A000259,Labour force,Both sexes,15 years and over,Estimate,Unadjusted,Persons,thousands,v2066779,2358.7
2008-11,British Columbia,2016A000259,Labour force,Both sexes,15 years and over,Estimate,Unadjusted,Persons,thousands,v2066779,2344.7
2008-12,British Columbia,2016A000259,Labour force,Both sexes,15 years and over,Estimate,Unadjusted,Persons,thousands,v2066779,2339.1
2009-01,British Columbia,2016A000259,Labour force,Both sexes,15 years and over,Estimate,Unadjusted,Persons,thousands,v2066779,2329.6
2009-02,British Columbia,2016A000259,Labour force,Both sexes,15 years and over,Estimate,Unadjusted,Persons,thousands,v2066779,2339.9
2009-03,British Columbia,2016A000259,Labour force,Both sexes,15 years and over,Estimate,Unadjusted,Persons,thousands,v2066779,2334.4
2009-04,British Columbia,2016A000259,Labour force,Both sexes,15 years and over,Estimate,Unadjusted,Persons,thousands,v2066779,2358.5
2009-05,British Columbia,2016A000259,Labour force,Both sexes,15 years and over,Estimate,Unadjusted,Persons,thousands,v2066779,2390.8
2009-06,British Columbia,2016A000259,Labour force,Both sexes,15 years and over,Estimate,Unadjusted,Persons,thousands,v2066779,2409.6
2009-07,British Columbia,2016A000259,Labour force,Both sexes,15 years and over,Estimate,Unadjusted,Persons,thousands,v2066779,2414.7
2009-08,British Columbia,2016A000259,Labour force,Both sexes,15 years and over,Estimate,Unadjusted,Persons,thousands,v2066779,2415.9
2009-09,British Columbia,2016A000259,Labour force,Both sexes,15 years and over,Estimate,Unadjusted,Persons,thousands,v2066779,2364.5
2009-10,British Columbia,2016A000259,Labour force,Both sexes,15 years and over,Estimate,Unadjusted,Persons,thousands,v2066779,2375
2009-11,British Columbia,2016A000259,Labour force,Both sexes,15 years and over,Estimate,Unadjusted,Persons,thousands,v2066779,2389
2009-12,British Columbia,2016A000259,Labour force,Both sexes,15 years and over,Estimate,Unadjusted,Persons,thousands,v2066779,2379
2010-01,British Columbia,2016A000259,Labour force,Both sexes,15 years and over,Estimate,Unadjusted,Persons,thousands,v2066779,2377.2
2010-02,British Columbia,2016A000259,Labour force,Both sexes,15 years and over,Estimate,Unadjusted,Persons,thousands,v2066779,2378.7
2010-03,British Columbia,2016A000259,Labour force,Both sexes,15 years and over,Estimate,Unadjusted,Persons,thousands,v2066779,2384.3
2010-04,British Columbia,2016A000259,Labour force,Both sexes,15 years and over,Estimate,Unadjusted,Persons,thousands,v2066779,2382.4
2010-05,British Columbia,2016A000259,Labour force,Both sexes,15 years and over,Estimate,Unadjusted,Persons,thousands,v2066779,2403.1
2010-06,British Columbia,2016A000259,Labour force,Both sexes,15 years and over,Estimate,Unadjusted,Persons,thousands,v2066779,2430.5
2010-07,British Columbia,2016A000259,Labour force,Both sexes,15 years and over,Estimate,Unadjusted,Persons,thousands,v2066779,2450.8
2010-08,British Columbia,2016A000259,Labour force,Both sexes,15 years and over,Estimate,Unadjusted,Persons,thousands,v2066779,2467
2010-09,British Columbia,2016A000259,Labour force,Both sexes,15 years and over,Estimate,Unadjusted,Persons,thousands,v2066779,2400.5
2010-10,British Columbia,2016A000259,Labour force,Both sexes,15 years and over,Estimate,Unadjusted,Persons,thousands,v2066779,2406.1
2010-11,British Columbia,2016A000259,Labour force,Both sexes,15 years and over,Estimate,Unadjusted,Persons,thousands,v2066779,2397.8
2010-12,British Columbia,2016A000259,Labour force,Both sexes,15 years and over,Estimate,Unadjusted,Persons,thousands,v2066779,2383.9
2011-01,British Columbia,2016A000259,Labour force,Both sexes,15 years and over,Estimate,Unadjusted,Persons,thousands,v2066779,2381.5
2011-02,British Columbia,2016A000259,Labour force,Both sexes,15 years and over,Estimate,Unadjusted,Persons,thousands,v2066779,2399.8
2011-03,British Columbia,2016A000259,Labour force,Both sexes,15 years and over,Estimate,Unadjusted,Persons,thousands,v2066779,2398.5
2011-04,British Columbia,2016A000259,Labour force,Both sexes,15 years and over,Estimate,Unadjusted,Persons,thousands,v2066779,2402.5
2011-05,British Columbia,2016A000259,Labour force,Both sexes,15 years and over,Estimate,Unadjusted,Persons,thousands,v2066779,2422.1
2011-06,British Columbia,2016A000259,Labour force,Both sexes,15 years and over,Estimate,Unadjusted,Persons,thousands,v2066779,2416.6
2011-07,British Columbia,2016A000259,Labour force,Both sexes,15 years and over,Estimate,Unadjusted,Persons,thousands,v2066779,2429.7
2011-08,British Columbia,2016A000259,Labour force,Both sexes,15 years and over,Estimate,Unadjusted,Persons,thousands,v2066779,2443.2
2011-09,British Columbia,2016A000259,Labour force,Both sexes,15 years and over,Estimate,Unadjusted,Persons,thousands,v2066779,2411.7
2011-10,British Columbia,2016A000259,Labour force,Both sexes,15 years and over,Estimate,Unadjusted,Persons,thousands,v2066779,2402.9
2011-11,British Columbia,2016A000259,Labour force,Both sexes,15 years and over,Estimate,Unadjusted,Persons,thousands,v2066779,2403.2
2011-12,British Columbia,2016A000259,Labour force,Both sexes,15 years and over,Estimate,Unadjusted,Persons,thousands,v2066779,2396.4
2012-01,British Columbia,2016A000259,Labour force,Both sexes,15 years and over,Estimate,Unadjusted,Persons,thousands,v2066779,2388
2012-02,British Columbia,2016A000259,Labour force,Both sexes,15 years and over,Estimate,Unadjusted,Persons,thousands,v2066779,2400.2
2012-03,British Columbia,2016A000259,Labour force,Both sexes,15 years and over,Estimate,Unadjusted,Persons,thousands,v2066779,2413.6
2012-04,British Columbia,2016A000259,Labour force,Both sexes,15 years and over,Estimate,Unadjusted,Persons,thousands,v2066779,2417
2012-05,British Columbia,2016A000259,Labour force,Both sexes,15 years and over,Estimate,Unadjusted,Persons,thousands,v2066779,2459.7
2012-06,British Columbia,2016A000259,Labour force,Both sexes,15 years and over,Estimate,Unadjusted,Persons,thousands,v2066779,2451
2012-07,British Columbia,2016A000259,Labour force,Both sexes,15 years and over,Estimate,Unadjusted,Persons,thousands,v2066779,2452.6
2012-08,British Columbia,2016A000259,Labour force,Both sexes,15 years and over,Estimate,Unadjusted,Persons,thousands,v2066779,2475.4
2012-09,British Columbia,2016A000259,Labour force,Both sexes,15 years and over,Estimate,Unadjusted,Persons,thousands,v2066779,2444.3
2012-10,British Columbia,2016A000259,Labour force,Both sexes,15 years and over,Estimate,Unadjusted,Persons,thousands,v2066779,2425
2012-11,British Columbia,2016A000259,Labour force,Both sexes,15 years and over,Estimate,Unadjusted,Persons,thousands,v2066779,2420.7
2012-12,British Columbia,2016A000259,Labour force,Both sexes,15 years and over,Estimate,Unadjusted,Persons,thousands,v2066779,2394.8
2013-01,British Columbia,2016A000259,Labour force,Both sexes,15 years and over,Estimate,Unadjusted,Persons,thousands,v2066779,2384.7
2013-02,British Columbia,2016A000259,Labour force,Both sexes,15 years and over,Estimate,Unadjusted,Persons,thousands,v2066779,2404.7
2013-03,British Columbia,2016A000259,Labour force,Both sexes,15 years and over,Estimate,Unadjusted,Persons,thousands,v2066779,2407.1
2013-04,British Columbia,2016A000259,Labour force,Both sexes,15 years and over,Estimate,Unadjusted,Persons,thousands,v2066779,2406.4
2013-05,British Columbia,2016A000259,Labour force,Both sexes,15 years and over,Estimate,Unadjusted,Persons,thousands,v2066779,2446.7
2013-06,British Columbia,2016A000259,Labour force,Both sexes,15 years and over,Estimate,Unadjusted,Persons,thousands,v2066779,2445.8
2013-07,British Columbia,2016A000259,Labour force,Both sexes,15 years and over,Estimate,Unadjusted,Persons,thousands,v2066779,2451.1
2013-08,British Columbia,2016A000259,Labour force,Both sexes,15 years and over,Estimate,Unadjusted,Persons,thousands,v2066779,2476.5
2013-09,British Columbia,2016A000259,Labour force,Both sexes,15 years and over,Estimate,Unadjusted,Persons,thousands,v2066779,2437
2013-10,British Columbia,2016A000259,Labour force,Both sexes,15 years and over,Estimate,Unadjusted,Persons,thousands,v2066779,2421.7
2013-11,British Columbia,2016A000259,Labour force,Both sexes,15 years and over,Estimate,Unadjusted,Persons,thousands,v2066779,2406.8
2013-12,British Columbia,2016A000259,Labour force,Both sexes,15 years and over,Estimate,Unadjusted,Persons,thousands,v2066779,2414.6
2014-01,British Columbia,2016A000259,Labour force,Both sexes,15 years and over,Estimate,Unadjusted,Persons,thousands,v2066779,2406.1
2014-02,British Columbia,2016A000259,Labour force,Both sexes,15 years and over,Estimate,Unadjusted,Persons,thousands,v2066779,2408.1
2014-03,British Columbia,2016A000259,Labour force,Both sexes,15 years and over,Estimate,Unadjusted,Persons,thousands,v2066779,2405.2
2014-04,British Columbia,2016A000259,Labour force,Both sexes,15 years and over,Estimate,Unadjusted,Persons,thousands,v2066779,2406.4
2014-05,British Columbia,2016A000259,Labour force,Both sexes,15 years and over,Estimate,Unadjusted,Persons,thousands,v2066779,2449.2
2014-06,British Columbia,2016A000259,Labour force,Both sexes,15 years and over,Estimate,Unadjusted,Persons,thousands,v2066779,2449.9
2014-07,British Columbia,2016A000259,Labour force,Both sexes,15 years and over,Estimate,Unadjusted,Persons,thousands,v2066779,2450.4
2014-08,British Columbia,2016A000259,Labour force,Both sexes,15 years and over,Estimate,Unadjusted,Persons,thousands,v2066779,2454.8
2014-09,British Columbia,2016A000259,Labour force,Both sexes,15 years and over,Estimate,Unadjusted,Persons,thousands,v2066779,2438.5
2014-10,British Columbia,2016A000259,Labour force,Both sexes,15 years and over,Estimate,Unadjusted,Persons,thousands,v2066779,2423.9
2014-11,British Columbia,2016A000259,Labour force,Both sexes,15 years and over,Estimate,Unadjusted,Persons,thousands,v2066779,2413.9
2014-12,British Columbia,2016A000259,Labour force,Both sexes,15 years and over,Estimate,Unadjusted,Persons,thousands,v2066779,2397.9
2015-01,British Columbia,2016A000259,Labour force,Both sexes,15 years and over,Estimate,Unadjusted,Persons,thousands,v2066779,2396.5
2015-02,British Columbia,2016A000259,Labour force,Both sexes,15 years and over,Estimate,Unadjusted,Persons,thousands,v2066779,2406.4
2015-03,British Columbia,2016A000259,Labour force,Both sexes,15 years and over,Estimate,Unadjusted,Persons,thousands,v2066779,2405.4
2015-04,British Columbia,2016A000259,Labour force,Both sexes,15 years and over,Estimate,Unadjusted,Persons,thousands,v2066779,2391.8
2015-05,British Columbia,2016A000259,Labour force,Both sexes,15 years and over,Estimate,Unadjusted,Persons,thousands,v2066779,2460.3
2015-06,British Columbia,2016A000259,Labour force,Both sexes,15 years and over,Estimate,Unadjusted,Persons,thousands,v2066779,2474.8
2015-07,British Columbia,2016A000259,Labour force,Both sexes,15 years and over,Estimate,Unadjusted,Persons,thousands,v2066779,2484.6
2015-08,British Columbia,2016A000259,Labour force,Both sexes,15 years and over,Estimate,Unadjusted,Persons,thousands,v2066779,2496.1
2015-09,British Columbia,2016A000259,Labour force,Both sexes,15 years and over,Estimate,Unadjusted,Persons,thousands,v2066779,2493.8
2015-10,British Columbia,2016A000259,Labour force,Both sexes,15 years and over,Estimate,Unadjusted,Persons,thousands,v2066779,2505
2015-11,British Columbia,2016A000259,Labour force,Both sexes,15 years and over,Estimate,Unadjusted,Persons,thousands,v2066779,2492.3
2015-12,British Columbia,2016A000259,Labour force,Both sexes,15 years and over,Estimate,Unadjusted,Persons,thousands,v2066779,2484.3
2016-01,British Columbia,2016A000259,Labour force,Both sexes,15 years and over,Estimate,Unadjusted,Persons,thousands,v2066779,2474.2
2016-02,British Columbia,2016A000259,Labour force,Both sexes,15 years and over,Estimate,Unadjusted,Persons,thousands,v2066779,2498.9
2016-03,British Columbia,2016A000259,Labour force,Both sexes,15 years and over,Estimate,Unadjusted,Persons,thousands,v2066779,2502
2016-04,British Columbia,2016A000259,Labour force,Both sexes,15 years and over,Estimate,Unadjusted,Persons,thousands,v2066779,2496.5
2016-05,British Columbia,2016A000259,Labour force,Both sexes,15 years and over,Estimate,Unadjusted,Persons,thousands,v2066779,2543.5
2016-06,British Columbia,2016A000259,Labour force,Both sexes,15 years and over,Estimate,Unadjusted,Persons,thousands,v2066779,2554.1
2016-07,British Columbia,2016A000259,Labour force,Both sexes,15 years and over,Estimate,Unadjusted,Persons,thousands,v2066779,2567.1
2016-08,British Columbia,2016A000259,Labour force,Both sexes,15 years and over,Estimate,Unadjusted,Persons,thousands,v2066779,2572.2
2016-09,British Columbia,2016A000259,Labour force,Both sexes,15 years and over,Estimate,Unadjusted,Persons,thousands,v2066779,2534.8
2016-10,British Columbia,2016A000259,Labour force,Both sexes,15 years and over,Estimate,Unadjusted,Persons,thousands,v2066779,2562.4
2016-11,British Columbia,2016A000259,Labour force,Both sexes,15 years and over,Estimate,Unadjusted,Persons,thousands,v2066779,2542.2
2016-12,British Columbia,2016A000259,Labour force,Both sexes,15 years and over,Estimate,Unadjusted,Persons,thousands,v2066779,2540.1
2017-01,British Columbia,2016A000259,Labour force,Both sexes,15 years and over,Estimate,Unadjusted,Persons,thousands,v2066779,2537.7
2017-02,British Columbia,2016A000259,Labour force,Both sexes,15 years and over,Estimate,Unadjusted,Persons,thousands,v2066779,2552.7
2017-03,British Columbia,2016A000259,Labour force,Both sexes,15 years and over,Estimate,Unadjusted,Persons,thousands,v2066779,2564.9
2017-04,British Columbia,2016A000259,Labour force,Both sexes,15 years and over,Estimate,Unadjusted,Persons,thousands,v2066779,2576.6
2017-05,British Columbia,2016A000259,Labour force,Both sexes,15 years and over,Estimate,Unadjusted,Persons,thousands,v2066779,2638.1
2017-06,British Columbia,2016A000259,Labour force,Both sexes,15 years and over,Estimate,Unadjusted,Persons,thousands,v2066779,2645.4
2017-07,British Columbia,2016A000259,Labour force,Both sexes,15 years and over,Estimate,Unadjusted,Persons,thousands,v2066779,2651.5
2017-08,British Columbia,2016A000259,Labour force,Both sexes,15 years and over,Estimate,Unadjusted,Persons,thousands,v2066779,2654.1
2017-09,British Columbia,2016A000259,Labour force,Both sexes,15 years and over,Estimate,Unadjusted,Persons,thousands,v2066779,2598.3
2017-10,British Columbia,2016A000259,Labour force,Both sexes,15 years and over,Estimate,Unadjusted,Persons,thousands,v2066779,2594
2017-11,British Columbia,2016A000259,Labour force,Both sexes,15 years and over,Estimate,Unadjusted,Persons,thousands,v2066779,2606.1
2017-12,British Columbia,2016A000259,Labour force,Both sexes,15 years and over,Estimate,Unadjusted,Persons,thousands,v2066779,2588.7
2018-01,British Columbia,2016A000259,Labour force,Both sexes,15 years and over,Estimate,Unadjusted,Persons,thousands,v2066779,2576.6
2018-02,British Columbia,2016A000259,Labour force,Both sexes,15 years and over,Estimate,Unadjusted,Persons,thousands,v2066779,2579.2
2018-03,British Columbia,2016A000259,Labour force,Both sexes,15 years and over,Estimate,Unadjusted,Persons,thousands,v2066779,2579.6
2018-04,British Columbia,2016A000259,Labour force,Both sexes,15 years and over,Estimate,Unadjusted,Persons,thousands,v2066779,2593.8
2018-05,British Columbia,2016A000259,Labour force,Both sexes,15 years and over,Estimate,Unadjusted,Persons,thousands,v2066779,2611.6
2018-06,British Columbia,2016A000259,Labour force,Both sexes,15 years and over,Estimate,Unadjusted,Persons,thousands,v2066779,2628.2
2018-07,British Columbia,2016A000259,Labour force,Both sexes,15 years and over,Estimate,Unadjusted,Persons,thousands,v2066779,2629.6
2018-08,British Columbia,2016A000259,Labour force,Both sexes,15 years and over,Estimate,Unadjusted,Persons,thousands,v2066779,2660.7
2018-09,British Columbia,2016A000259,Labour force,Both sexes,15 years and over,Estimate,Unadjusted,Persons,thousands,v2066779,2628.2
2018-10,British Columbia,2016A000259,Labour force,Both sexes,15 years and over,Estimate,Unadjusted,Persons,thousands,v2066779,2625.1
2018-11,British Columbia,2016A000259,Labour force,Both sexes,15 years and over,Estimate,Unadjusted,Persons,thousands,v2066779,2648.9
2018-12,British Columbia,2016A000259,Labour force,Both sexes,15 years and over,Estimate,Unadjusted,Persons,thousands,v2066779,2636.4
2019-01,British Columbia,2016A000259,Labour force,Both sexes,15 years and over,Estimate,Unadjusted,Persons,thousands,v2066779,2642.5
2019-02,British Columbia,2016A000259,Labour force,Both sexes,15 years and over,Estimate,Unadjusted,Persons,thousands,v2066779,2647.9
2019-03,British Columbia,2016A000259,Labour force,Both sexes,15 years and over,Estimate,Unadjusted,Persons,thousands,v2066779,2664.3
2019-04,British Columbia,2016A000259,Labour force,Both sexes,15 years and over,Estimate,Unadjusted,Persons,thousands,v2066779,2670.8
2019-05,British Columbia,2016A000259,Labour force,Both sexes,15 years and over,Estimate,Unadjusted,Persons,thousands,v2066779,2711.6
2019-06,British Columbia,2016A000259,Labour force,Both sexes,15 years and over,Estimate,Unadjusted,Persons,thousands,v2066779,2727.1
2019-07,British Columbia,2016A000259,Labour force,Both sexes,15 years and over,Estimate,Unadjusted,Persons,thousands,v2066779,2713
2019-08,British Columbia,2016A000259,Labour force,Both sexes,15 years and over,Estimate,Unadjusted,Persons,thousands,v2066779,2731.4
2019-09,British Columbia,2016A000259,Labour force,Both sexes,15 years and over,Estimate,Unadjusted,Persons,thousands,v2066779,2683.6
2019-10,British Columbia,2016A000259,Labour force,Both sexes,15 years and over,Estimate,Unadjusted,Persons,thousands,v2066779,2698.7
